
INSERT [dbo].[bms_pro_contract] ([CONTRACT_ID], [CONSUMER_ID], [CONTRACT_TYPE], [MAIL_DATE], [SIGN_DATE], [ACTIVE_DATE], [EXPIRE_DATE]) VALUES (2, 2, N'E', NULL, NULL, NULL, NULL)
GO
INSERT [dbo].[bms_pro_contract] ([CONTRACT_ID], [CONSUMER_ID], [CONTRACT_TYPE], [MAIL_DATE], [SIGN_DATE], [ACTIVE_DATE], [EXPIRE_DATE]) VALUES (2, 2, N'E', NULL, NULL, NULL, NULL)
GO
INSERT [dbo].[bms_pro_contract] ([CONTRACT_ID], [CONSUMER_ID], [CONTRACT_TYPE], [MAIL_DATE], [SIGN_DATE], [ACTIVE_DATE], [EXPIRE_DATE]) VALUES (1, 1, N'E', NULL, NULL, NULL, NULL)
GO
INSERT [dbo].[bms_pro_contract] ([CONTRACT_ID], [CONSUMER_ID], [CONTRACT_TYPE], [MAIL_DATE], [SIGN_DATE], [ACTIVE_DATE], [EXPIRE_DATE]) VALUES (1, 1, N'E', NULL, NULL, NULL, NULL)
GO
INSERT [dbo].[bms_pro_contract] ([CONTRACT_ID], [CONSUMER_ID], [CONTRACT_TYPE], [MAIL_DATE], [SIGN_DATE], [ACTIVE_DATE], [EXPIRE_DATE]) VALUES (1, 1, N'E', NULL, NULL, NULL, NULL)
GO
INSERT [dbo].[bms_pro_contract] ([CONTRACT_ID], [CONSUMER_ID], [CONTRACT_TYPE], [MAIL_DATE], [SIGN_DATE], [ACTIVE_DATE], [EXPIRE_DATE]) VALUES (1, 1, N'E', NULL, NULL, NULL, NULL)
GO
INSERT [dbo].[bms_pro_contract] ([CONTRACT_ID], [CONSUMER_ID], [CONTRACT_TYPE], [MAIL_DATE], [SIGN_DATE], [ACTIVE_DATE], [EXPIRE_DATE]) VALUES (1, 1, N'E', NULL, NULL, NULL, NULL)
GO
INSERT [dbo].[bms_pro_contract] ([CONTRACT_ID], [CONSUMER_ID], [CONTRACT_TYPE], [MAIL_DATE], [SIGN_DATE], [ACTIVE_DATE], [EXPIRE_DATE]) VALUES (1, 1, N'E', NULL, NULL, NULL, NULL)
GO
INSERT [dbo].[bms_pro_contract] ([CONTRACT_ID], [CONSUMER_ID], [CONTRACT_TYPE], [MAIL_DATE], [SIGN_DATE], [ACTIVE_DATE], [EXPIRE_DATE]) VALUES (2, 2, N'E', NULL, NULL, NULL, NULL)
GO
SET IDENTITY_INSERT [dbo].[BMS_PRO_VEHICLE] ON 

GO
INSERT [dbo].[BMS_PRO_VEHICLE] ([VEHICLE_ID], [OWNER_ID], [CHARGE_CAR_ID], [CHARGE_CAR_TYPE], [LPR_NUMBER], [CONTRACT_ID], [CONSUMER_ID], [IDENTITY_ID], [IDENTITY_TYPE], [PREV_IDENTITY_ID], [PREV_IDENTITY_TYPE], [VEHICLE_STATUS], [MVDIS_BRAND], [MVDIS_COLOR], [MVDIS_CATEGORY], [MVDIS_MODEL], [MVDIS_MANUFACTURE_YM], [MVDIS_KIND], [MVDIS_LP_STATUS]) VALUES (14, 7, N'5', 55, N'171-KR', 14, 7, N'E', 2, NULL, NULL, N'N', N'達富', N'H    ', N'5  ', N'FT-SM1AH5', N'201105', NULL, NULL)
GO
INSERT [dbo].[BMS_PRO_VEHICLE] ([VEHICLE_ID], [OWNER_ID], [CHARGE_CAR_ID], [CHARGE_CAR_TYPE], [LPR_NUMBER], [CONTRACT_ID], [CONSUMER_ID], [IDENTITY_ID], [IDENTITY_TYPE], [PREV_IDENTITY_ID], [PREV_IDENTITY_TYPE], [VEHICLE_STATUS], [MVDIS_BRAND], [MVDIS_COLOR], [MVDIS_CATEGORY], [MVDIS_MODEL], [MVDIS_MANUFACTURE_YM], [MVDIS_KIND], [MVDIS_LP_STATUS]) VALUES (16, 7, N'5', 55, N'173-KR', 16, 7, N'E', 2, NULL, NULL, N'N', N'達富', N'H    ', N'5  ', N'FT-SM1AH5', N'201105', NULL, NULL)
GO
INSERT [dbo].[BMS_PRO_VEHICLE] ([VEHICLE_ID], [OWNER_ID], [CHARGE_CAR_ID], [CHARGE_CAR_TYPE], [LPR_NUMBER], [CONTRACT_ID], [CONSUMER_ID], [IDENTITY_ID], [IDENTITY_TYPE], [PREV_IDENTITY_ID], [PREV_IDENTITY_TYPE], [VEHICLE_STATUS], [MVDIS_BRAND], [MVDIS_COLOR], [MVDIS_CATEGORY], [MVDIS_MODEL], [MVDIS_MANUFACTURE_YM], [MVDIS_KIND], [MVDIS_LP_STATUS]) VALUES (2, 2, N'3', 55, N'225-ZQ', 2, 2, N'E', 2, NULL, NULL, N'N', N'國瑞', N'Q    ', N'3  ', N'YCK035W-337L143', N'201204', NULL, NULL)
GO
INSERT [dbo].[BMS_PRO_VEHICLE] ([VEHICLE_ID], [OWNER_ID], [CHARGE_CAR_ID], [CHARGE_CAR_TYPE], [LPR_NUMBER], [CONTRACT_ID], [CONSUMER_ID], [IDENTITY_ID], [IDENTITY_TYPE], [PREV_IDENTITY_ID], [PREV_IDENTITY_TYPE], [VEHICLE_STATUS], [MVDIS_BRAND], [MVDIS_COLOR], [MVDIS_CATEGORY], [MVDIS_MODEL], [MVDIS_MANUFACTURE_YM], [MVDIS_KIND], [MVDIS_LP_STATUS]) VALUES (19, 9, N'3', 55, N'348-D7', 19, 9, N'T', 2, NULL, NULL, N'N', N'國瑞', N'E    ', N'3  ', N'AVV50L-JEXGBR', N'201203', NULL, NULL)
GO
INSERT [dbo].[BMS_PRO_VEHICLE] ([VEHICLE_ID], [OWNER_ID], [CHARGE_CAR_ID], [CHARGE_CAR_TYPE], [LPR_NUMBER], [CONTRACT_ID], [CONSUMER_ID], [IDENTITY_ID], [IDENTITY_TYPE], [PREV_IDENTITY_ID], [PREV_IDENTITY_TYPE], [VEHICLE_STATUS], [MVDIS_BRAND], [MVDIS_COLOR], [MVDIS_CATEGORY], [MVDIS_MODEL], [MVDIS_MANUFACTURE_YM], [MVDIS_KIND], [MVDIS_LP_STATUS]) VALUES (6, 3, N'4', 55, N'479-ZB', 6, 3, N'E', 2, NULL, NULL, N'N', N'國瑞', N'Q    ', N'4  ', N'DK170-SUA32', N'200503', NULL, NULL)
GO
INSERT [dbo].[BMS_PRO_VEHICLE] ([VEHICLE_ID], [OWNER_ID], [CHARGE_CAR_ID], [CHARGE_CAR_TYPE], [LPR_NUMBER], [CONTRACT_ID], [CONSUMER_ID], [IDENTITY_ID], [IDENTITY_TYPE], [PREV_IDENTITY_ID], [PREV_IDENTITY_TYPE], [VEHICLE_STATUS], [MVDIS_BRAND], [MVDIS_COLOR], [MVDIS_CATEGORY], [MVDIS_MODEL], [MVDIS_MANUFACTURE_YM], [MVDIS_KIND], [MVDIS_LP_STATUS]) VALUES (8, 4, N'4', 55, N'509-MM', 8, 4, N'E', 2, NULL, NULL, N'N', N'百盛', N'U    ', N'4  ', N'1160KR2D29', N'200612', NULL, NULL)
GO
INSERT [dbo].[BMS_PRO_VEHICLE] ([VEHICLE_ID], [OWNER_ID], [CHARGE_CAR_ID], [CHARGE_CAR_TYPE], [LPR_NUMBER], [CONTRACT_ID], [CONSUMER_ID], [IDENTITY_ID], [IDENTITY_TYPE], [PREV_IDENTITY_ID], [PREV_IDENTITY_TYPE], [VEHICLE_STATUS], [MVDIS_BRAND], [MVDIS_COLOR], [MVDIS_CATEGORY], [MVDIS_MODEL], [MVDIS_MANUFACTURE_YM], [MVDIS_KIND], [MVDIS_LP_STATUS]) VALUES (10, 4, N'4', 55, N'568-HH', 10, 4, N'E', 2, NULL, NULL, N'N', N'百盛', N'U    ', N'4  ', N'1160KR2D29', N'200609', NULL, NULL)
GO
INSERT [dbo].[BMS_PRO_VEHICLE] ([VEHICLE_ID], [OWNER_ID], [CHARGE_CAR_ID], [CHARGE_CAR_TYPE], [LPR_NUMBER], [CONTRACT_ID], [CONSUMER_ID], [IDENTITY_ID], [IDENTITY_TYPE], [PREV_IDENTITY_ID], [PREV_IDENTITY_TYPE], [VEHICLE_STATUS], [MVDIS_BRAND], [MVDIS_COLOR], [MVDIS_CATEGORY], [MVDIS_MODEL], [MVDIS_MANUFACTURE_YM], [MVDIS_KIND], [MVDIS_LP_STATUS]) VALUES (12, 4, N'4', 55, N'569-HH', 12, 4, N'E', 2, NULL, NULL, N'N', N'百盛', N'U    ', N'4  ', N'1160KR2D29', N'200609', NULL, NULL)
GO
INSERT [dbo].[BMS_PRO_VEHICLE] ([VEHICLE_ID], [OWNER_ID], [CHARGE_CAR_ID], [CHARGE_CAR_TYPE], [LPR_NUMBER], [CONTRACT_ID], [CONSUMER_ID], [IDENTITY_ID], [IDENTITY_TYPE], [PREV_IDENTITY_ID], [PREV_IDENTITY_TYPE], [VEHICLE_STATUS], [MVDIS_BRAND], [MVDIS_COLOR], [MVDIS_CATEGORY], [MVDIS_MODEL], [MVDIS_MANUFACTURE_YM], [MVDIS_KIND], [MVDIS_LP_STATUS]) VALUES (4, 2, N'3', 55, N'742-YW', 4, 2, N'E', 2, NULL, NULL, N'N', N'TOYOTA', N'Q    ', N'3  ', N'XZU300L-TKMMWR3', N'200207', NULL, NULL)
GO
INSERT [dbo].[BMS_PRO_VEHICLE] ([VEHICLE_ID], [OWNER_ID], [CHARGE_CAR_ID], [CHARGE_CAR_TYPE], [LPR_NUMBER], [CONTRACT_ID], [CONSUMER_ID], [IDENTITY_ID], [IDENTITY_TYPE], [PREV_IDENTITY_ID], [PREV_IDENTITY_TYPE], [VEHICLE_STATUS], [MVDIS_BRAND], [MVDIS_COLOR], [MVDIS_CATEGORY], [MVDIS_MODEL], [MVDIS_MANUFACTURE_YM], [MVDIS_KIND], [MVDIS_LP_STATUS]) VALUES (1, 1, N'3', 55, N'7765-ZZ', 1, 1, N'E', 2, NULL, NULL, N'N', N'日產', N'Y    ', N'3  ', N'TIIDAC11GS1.6', N'201107', NULL, NULL)
GO
INSERT [dbo].[BMS_PRO_VEHICLE] ([VEHICLE_ID], [OWNER_ID], [CHARGE_CAR_ID], [CHARGE_CAR_TYPE], [LPR_NUMBER], [CONTRACT_ID], [CONSUMER_ID], [IDENTITY_ID], [IDENTITY_TYPE], [PREV_IDENTITY_ID], [PREV_IDENTITY_TYPE], [VEHICLE_STATUS], [MVDIS_BRAND], [MVDIS_COLOR], [MVDIS_CATEGORY], [MVDIS_MODEL], [MVDIS_MANUFACTURE_YM], [MVDIS_KIND], [MVDIS_LP_STATUS]) VALUES (7, 1, N'3', 55, N'7766-ZZ', 7, 1, N'E', 2, NULL, NULL, N'N', N'日產', N'Y    ', N'3  ', N'TIIDAC11GS1.6', N'201107', NULL, NULL)
GO
INSERT [dbo].[BMS_PRO_VEHICLE] ([VEHICLE_ID], [OWNER_ID], [CHARGE_CAR_ID], [CHARGE_CAR_TYPE], [LPR_NUMBER], [CONTRACT_ID], [CONSUMER_ID], [IDENTITY_ID], [IDENTITY_TYPE], [PREV_IDENTITY_ID], [PREV_IDENTITY_TYPE], [VEHICLE_STATUS], [MVDIS_BRAND], [MVDIS_COLOR], [MVDIS_CATEGORY], [MVDIS_MODEL], [MVDIS_MANUFACTURE_YM], [MVDIS_KIND], [MVDIS_LP_STATUS]) VALUES (17, 1, N'3', 55, N'7770-ZZ', 17, 1, N'E', 2, NULL, NULL, N'N', N'日產', N'Y    ', N'3  ', N'TIIDAC11GS1.6', N'201107', NULL, NULL)
GO
INSERT [dbo].[BMS_PRO_VEHICLE] ([VEHICLE_ID], [OWNER_ID], [CHARGE_CAR_ID], [CHARGE_CAR_TYPE], [LPR_NUMBER], [CONTRACT_ID], [CONSUMER_ID], [IDENTITY_ID], [IDENTITY_TYPE], [PREV_IDENTITY_ID], [PREV_IDENTITY_TYPE], [VEHICLE_STATUS], [MVDIS_BRAND], [MVDIS_COLOR], [MVDIS_CATEGORY], [MVDIS_MODEL], [MVDIS_MANUFACTURE_YM], [MVDIS_KIND], [MVDIS_LP_STATUS]) VALUES (5, 1, N'3', 55, N'7780-ZZ', 5, 1, N'E', 2, NULL, NULL, N'N', N'日產', N'Y    ', N'3  ', N'TIIDAC11GS1.6', N'201107', NULL, NULL)
GO
INSERT [dbo].[BMS_PRO_VEHICLE] ([VEHICLE_ID], [OWNER_ID], [CHARGE_CAR_ID], [CHARGE_CAR_TYPE], [LPR_NUMBER], [CONTRACT_ID], [CONSUMER_ID], [IDENTITY_ID], [IDENTITY_TYPE], [PREV_IDENTITY_ID], [PREV_IDENTITY_TYPE], [VEHICLE_STATUS], [MVDIS_BRAND], [MVDIS_COLOR], [MVDIS_CATEGORY], [MVDIS_MODEL], [MVDIS_MANUFACTURE_YM], [MVDIS_KIND], [MVDIS_LP_STATUS]) VALUES (9, 1, N'3', 55, N'8850-ZZ', 9, 1, N'E', 2, NULL, NULL, N'N', N'日產', N'Q    ', N'3  ', N'TIIDAC11GS1.6', N'201109', NULL, NULL)
GO
INSERT [dbo].[BMS_PRO_VEHICLE] ([VEHICLE_ID], [OWNER_ID], [CHARGE_CAR_ID], [CHARGE_CAR_TYPE], [LPR_NUMBER], [CONTRACT_ID], [CONSUMER_ID], [IDENTITY_ID], [IDENTITY_TYPE], [PREV_IDENTITY_ID], [PREV_IDENTITY_TYPE], [VEHICLE_STATUS], [MVDIS_BRAND], [MVDIS_COLOR], [MVDIS_CATEGORY], [MVDIS_MODEL], [MVDIS_MANUFACTURE_YM], [MVDIS_KIND], [MVDIS_LP_STATUS]) VALUES (21, 1, N'3', 55, N'8852-ZZ', 21, 1, N'E', 2, NULL, NULL, N'N', N'日產', N'Y    ', N'3  ', N'TIIDAC11GS1.6', N'201110', NULL, NULL)
GO
INSERT [dbo].[BMS_PRO_VEHICLE] ([VEHICLE_ID], [OWNER_ID], [CHARGE_CAR_ID], [CHARGE_CAR_TYPE], [LPR_NUMBER], [CONTRACT_ID], [CONSUMER_ID], [IDENTITY_ID], [IDENTITY_TYPE], [PREV_IDENTITY_ID], [PREV_IDENTITY_TYPE], [VEHICLE_STATUS], [MVDIS_BRAND], [MVDIS_COLOR], [MVDIS_CATEGORY], [MVDIS_MODEL], [MVDIS_MANUFACTURE_YM], [MVDIS_KIND], [MVDIS_LP_STATUS]) VALUES (3, 2, N'3', 55, N'940-YW', 3, 2, N'E', 2, NULL, NULL, N'N', N'國瑞', N'Q    ', N'3  ', N'YCK035W-337L143', N'201004', NULL, NULL)
GO
INSERT [dbo].[BMS_PRO_VEHICLE] ([VEHICLE_ID], [OWNER_ID], [CHARGE_CAR_ID], [CHARGE_CAR_TYPE], [LPR_NUMBER], [CONTRACT_ID], [CONSUMER_ID], [IDENTITY_ID], [IDENTITY_TYPE], [PREV_IDENTITY_ID], [PREV_IDENTITY_TYPE], [VEHICLE_STATUS], [MVDIS_BRAND], [MVDIS_COLOR], [MVDIS_CATEGORY], [MVDIS_MODEL], [MVDIS_MANUFACTURE_YM], [MVDIS_KIND], [MVDIS_LP_STATUS]) VALUES (13, 6, N'3', 55, N'978-P5', 13, 6, N'E', 2, NULL, NULL, N'N', N'國瑞', N'E    ', N'3  ', N'AVV50L-JEXGBR', N'201304', NULL, NULL)
GO
SET IDENTITY_INSERT [dbo].[BMS_PRO_VEHICLE] OFF
GO
SET IDENTITY_INSERT [dbo].[BMS_TAG_ETAG] ON 

GO
INSERT [dbo].[BMS_TAG_ETAG] ([ETAG_ID], [TPF_REQ_ID], [VEHICLE_ID], [TID], [EPC_ID], [LOT_NUMBER], [ROLL_NUMBER], [BOX_NUMBER], [IMPORT_STATUS], [ETAG_STATUS], [MESSAGE_TYPE], [ANTICOUNTERFEIT1], [ANTICOUNTERFEIT2], [EFFECTIVE_TIME], [DEAD_TIME], [PRODUCT_NOTE_ID], [RECALL_NOTE_ID], [WATCHLIST_DESC_ID], [REPLACE_DESC_ID]) VALUES (941, 16, 6, NULL, N'101014AAC032327E46455443', NULL, NULL, NULL, N'01', N'A', N'MF210', NULL, NULL, CAST(0x0000A23401260FC4 AS DateTime), NULL, 1, -1, -1, -1)
GO
INSERT [dbo].[BMS_TAG_ETAG] ([ETAG_ID], [TPF_REQ_ID], [VEHICLE_ID], [TID], [EPC_ID], [LOT_NUMBER], [ROLL_NUMBER], [BOX_NUMBER], [IMPORT_STATUS], [ETAG_STATUS], [MESSAGE_TYPE], [ANTICOUNTERFEIT1], [ANTICOUNTERFEIT2], [EFFECTIVE_TIME], [DEAD_TIME], [PRODUCT_NOTE_ID], [RECALL_NOTE_ID], [WATCHLIST_DESC_ID], [REPLACE_DESC_ID]) VALUES (1545, 19, 14, NULL, N'101015AA1080210E46455443', NULL, NULL, NULL, N'01', N'A', N'MF210', NULL, NULL, CAST(0x0000A2340126B7AA AS DateTime), NULL, 1, -1, -1, -1)
GO
INSERT [dbo].[BMS_TAG_ETAG] ([ETAG_ID], [TPF_REQ_ID], [VEHICLE_ID], [TID], [EPC_ID], [LOT_NUMBER], [ROLL_NUMBER], [BOX_NUMBER], [IMPORT_STATUS], [ETAG_STATUS], [MESSAGE_TYPE], [ANTICOUNTERFEIT1], [ANTICOUNTERFEIT2], [EFFECTIVE_TIME], [DEAD_TIME], [PRODUCT_NOTE_ID], [RECALL_NOTE_ID], [WATCHLIST_DESC_ID], [REPLACE_DESC_ID]) VALUES (1413, 20, 16, NULL, N'101025AAB00783BB46455443', NULL, NULL, NULL, N'01', N'A', N'MF210', NULL, NULL, CAST(0x0000A2340126DE24 AS DateTime), NULL, 2, -1, 2, -1)
GO
INSERT [dbo].[BMS_TAG_ETAG] ([ETAG_ID], [TPF_REQ_ID], [VEHICLE_ID], [TID], [EPC_ID], [LOT_NUMBER], [ROLL_NUMBER], [BOX_NUMBER], [IMPORT_STATUS], [ETAG_STATUS], [MESSAGE_TYPE], [ANTICOUNTERFEIT1], [ANTICOUNTERFEIT2], [EFFECTIVE_TIME], [DEAD_TIME], [PRODUCT_NOTE_ID], [RECALL_NOTE_ID], [WATCHLIST_DESC_ID], [REPLACE_DESC_ID]) VALUES (723, 13, 20, NULL, N'101213BD106800D446455443', NULL, NULL, NULL, N'01', N'A', N'MF210', NULL, NULL, CAST(0x0000A23401286315 AS DateTime), NULL, 1, -1, -1, -1)
GO
INSERT [dbo].[BMS_TAG_ETAG] ([ETAG_ID], [TPF_REQ_ID], [VEHICLE_ID], [TID], [EPC_ID], [LOT_NUMBER], [ROLL_NUMBER], [BOX_NUMBER], [IMPORT_STATUS], [ETAG_STATUS], [MESSAGE_TYPE], [ANTICOUNTERFEIT1], [ANTICOUNTERFEIT2], [EFFECTIVE_TIME], [DEAD_TIME], [PRODUCT_NOTE_ID], [RECALL_NOTE_ID], [WATCHLIST_DESC_ID], [REPLACE_DESC_ID]) VALUES (735, 13, NULL, NULL, N'101213BD307307E846455443', NULL, NULL, NULL, N'01', N'W', N'MF210', NULL, NULL, CAST(0x0000A13900000000 AS DateTime), NULL, 0, 0, 0, 0)
GO
INSERT [dbo].[BMS_TAG_ETAG] ([ETAG_ID], [TPF_REQ_ID], [VEHICLE_ID], [TID], [EPC_ID], [LOT_NUMBER], [ROLL_NUMBER], [BOX_NUMBER], [IMPORT_STATUS], [ETAG_STATUS], [MESSAGE_TYPE], [ANTICOUNTERFEIT1], [ANTICOUNTERFEIT2], [EFFECTIVE_TIME], [DEAD_TIME], [PRODUCT_NOTE_ID], [RECALL_NOTE_ID], [WATCHLIST_DESC_ID], [REPLACE_DESC_ID]) VALUES (736, 13, 5, NULL, N'101213BD3091484546455443', NULL, NULL, NULL, N'01', N'A', N'MF210', NULL, NULL, CAST(0x0000A2340125F6A7 AS DateTime), NULL, 1, -1, -1, -1)
GO
INSERT [dbo].[BMS_TAG_ETAG] ([ETAG_ID], [TPF_REQ_ID], [VEHICLE_ID], [TID], [EPC_ID], [LOT_NUMBER], [ROLL_NUMBER], [BOX_NUMBER], [IMPORT_STATUS], [ETAG_STATUS], [MESSAGE_TYPE], [ANTICOUNTERFEIT1], [ANTICOUNTERFEIT2], [EFFECTIVE_TIME], [DEAD_TIME], [PRODUCT_NOTE_ID], [RECALL_NOTE_ID], [WATCHLIST_DESC_ID], [REPLACE_DESC_ID]) VALUES (741, 13, 7, NULL, N'101213BD507264EA46455443', NULL, NULL, NULL, N'01', N'A', N'MF210', NULL, NULL, CAST(0x0000A23401262AC9 AS DateTime), NULL, 1, -1, -1, -1)
GO
INSERT [dbo].[BMS_TAG_ETAG] ([ETAG_ID], [TPF_REQ_ID], [VEHICLE_ID], [TID], [EPC_ID], [LOT_NUMBER], [ROLL_NUMBER], [BOX_NUMBER], [IMPORT_STATUS], [ETAG_STATUS], [MESSAGE_TYPE], [ANTICOUNTERFEIT1], [ANTICOUNTERFEIT2], [EFFECTIVE_TIME], [DEAD_TIME], [PRODUCT_NOTE_ID], [RECALL_NOTE_ID], [WATCHLIST_DESC_ID], [REPLACE_DESC_ID]) VALUES (737, 13, 2, NULL, N'101213BDA071671A46455443', NULL, NULL, NULL, N'01', N'A', N'MF210', NULL, NULL, CAST(0x0000A2340124F818 AS DateTime), NULL, 1, -1, -1, -1)
GO
INSERT [dbo].[BMS_TAG_ETAG] ([ETAG_ID], [TPF_REQ_ID], [VEHICLE_ID], [TID], [EPC_ID], [LOT_NUMBER], [ROLL_NUMBER], [BOX_NUMBER], [IMPORT_STATUS], [ETAG_STATUS], [MESSAGE_TYPE], [ANTICOUNTERFEIT1], [ANTICOUNTERFEIT2], [EFFECTIVE_TIME], [DEAD_TIME], [PRODUCT_NOTE_ID], [RECALL_NOTE_ID], [WATCHLIST_DESC_ID], [REPLACE_DESC_ID]) VALUES (9, 32, NULL, NULL, N'101421DA100021CE46455443', NULL, NULL, NULL, N'01', N'W', N'MF210', NULL, NULL, CAST(0x0000A13900000000 AS DateTime), NULL, 0, 0, 0, 0)
GO
INSERT [dbo].[BMS_TAG_ETAG] ([ETAG_ID], [TPF_REQ_ID], [VEHICLE_ID], [TID], [EPC_ID], [LOT_NUMBER], [ROLL_NUMBER], [BOX_NUMBER], [IMPORT_STATUS], [ETAG_STATUS], [MESSAGE_TYPE], [ANTICOUNTERFEIT1], [ANTICOUNTERFEIT2], [EFFECTIVE_TIME], [DEAD_TIME], [PRODUCT_NOTE_ID], [RECALL_NOTE_ID], [WATCHLIST_DESC_ID], [REPLACE_DESC_ID]) VALUES (399, 14, 3, NULL, N'101423AC102358E046455443', NULL, NULL, NULL, N'01', N'A', N'MF210', NULL, NULL, CAST(0x0000A2340125AC62 AS DateTime), NULL, 2, -1, 2, -1)
GO
INSERT [dbo].[BMS_TAG_ETAG] ([ETAG_ID], [TPF_REQ_ID], [VEHICLE_ID], [TID], [EPC_ID], [LOT_NUMBER], [ROLL_NUMBER], [BOX_NUMBER], [IMPORT_STATUS], [ETAG_STATUS], [MESSAGE_TYPE], [ANTICOUNTERFEIT1], [ANTICOUNTERFEIT2], [EFFECTIVE_TIME], [DEAD_TIME], [PRODUCT_NOTE_ID], [RECALL_NOTE_ID], [WATCHLIST_DESC_ID], [REPLACE_DESC_ID]) VALUES (442, 14, 13, NULL, N'101423AC102817A446455443', NULL, NULL, NULL, N'01', N'A', N'MF210', NULL, NULL, CAST(0x0000A23401269B21 AS DateTime), NULL, 1, -1, -1, -1)
GO
INSERT [dbo].[BMS_TAG_ETAG] ([ETAG_ID], [TPF_REQ_ID], [VEHICLE_ID], [TID], [EPC_ID], [LOT_NUMBER], [ROLL_NUMBER], [BOX_NUMBER], [IMPORT_STATUS], [ETAG_STATUS], [MESSAGE_TYPE], [ANTICOUNTERFEIT1], [ANTICOUNTERFEIT2], [EFFECTIVE_TIME], [DEAD_TIME], [PRODUCT_NOTE_ID], [RECALL_NOTE_ID], [WATCHLIST_DESC_ID], [REPLACE_DESC_ID]) VALUES (406, 14, 1, NULL, N'101423AC1155935C46455443', NULL, NULL, NULL, N'01', N'A', N'MF210', NULL, NULL, CAST(0x0000A2340124D9BB AS DateTime), NULL, 1, -1, -1, -1)
GO
INSERT [dbo].[BMS_TAG_ETAG] ([ETAG_ID], [TPF_REQ_ID], [VEHICLE_ID], [TID], [EPC_ID], [LOT_NUMBER], [ROLL_NUMBER], [BOX_NUMBER], [IMPORT_STATUS], [ETAG_STATUS], [MESSAGE_TYPE], [ANTICOUNTERFEIT1], [ANTICOUNTERFEIT2], [EFFECTIVE_TIME], [DEAD_TIME], [PRODUCT_NOTE_ID], [RECALL_NOTE_ID], [WATCHLIST_DESC_ID], [REPLACE_DESC_ID]) VALUES (414, 14, 9, NULL, N'101423AC402836D546455443', NULL, NULL, NULL, N'01', N'A', N'MF210', NULL, NULL, CAST(0x0000A234012653E5 AS DateTime), NULL, 1, -1, -1, -1)
GO
INSERT [dbo].[BMS_TAG_ETAG] ([ETAG_ID], [TPF_REQ_ID], [VEHICLE_ID], [TID], [EPC_ID], [LOT_NUMBER], [ROLL_NUMBER], [BOX_NUMBER], [IMPORT_STATUS], [ETAG_STATUS], [MESSAGE_TYPE], [ANTICOUNTERFEIT1], [ANTICOUNTERFEIT2], [EFFECTIVE_TIME], [DEAD_TIME], [PRODUCT_NOTE_ID], [RECALL_NOTE_ID], [WATCHLIST_DESC_ID], [REPLACE_DESC_ID]) VALUES (1137, 17, NULL, NULL, N'101424DA101610EC46455443', NULL, NULL, NULL, N'01', N'W', N'MF210', NULL, NULL, CAST(0x0000A13900000000 AS DateTime), NULL, 0, 0, 0, 0)
GO
INSERT [dbo].[BMS_TAG_ETAG] ([ETAG_ID], [TPF_REQ_ID], [VEHICLE_ID], [TID], [EPC_ID], [LOT_NUMBER], [ROLL_NUMBER], [BOX_NUMBER], [IMPORT_STATUS], [ETAG_STATUS], [MESSAGE_TYPE], [ANTICOUNTERFEIT1], [ANTICOUNTERFEIT2], [EFFECTIVE_TIME], [DEAD_TIME], [PRODUCT_NOTE_ID], [RECALL_NOTE_ID], [WATCHLIST_DESC_ID], [REPLACE_DESC_ID]) VALUES (1111, 17, 10, NULL, N'101424DA4016298546455443', NULL, NULL, NULL, N'01', N'A', N'MF210', NULL, NULL, CAST(0x0000A2340126678B AS DateTime), NULL, 2, -1, 2, -1)
GO
INSERT [dbo].[BMS_TAG_ETAG] ([ETAG_ID], [TPF_REQ_ID], [VEHICLE_ID], [TID], [EPC_ID], [LOT_NUMBER], [ROLL_NUMBER], [BOX_NUMBER], [IMPORT_STATUS], [ETAG_STATUS], [MESSAGE_TYPE], [ANTICOUNTERFEIT1], [ANTICOUNTERFEIT2], [EFFECTIVE_TIME], [DEAD_TIME], [PRODUCT_NOTE_ID], [RECALL_NOTE_ID], [WATCHLIST_DESC_ID], [REPLACE_DESC_ID]) VALUES (14, 13, 17, NULL, N'102513BD916288E046455443', NULL, NULL, NULL, N'01', N'A', N'MF210', NULL, NULL, CAST(0x0000A2340127EBF2 AS DateTime), NULL, 1, -1, -1, -1)
GO
INSERT [dbo].[BMS_TAG_ETAG] ([ETAG_ID], [TPF_REQ_ID], [VEHICLE_ID], [TID], [EPC_ID], [LOT_NUMBER], [ROLL_NUMBER], [BOX_NUMBER], [IMPORT_STATUS], [ETAG_STATUS], [MESSAGE_TYPE], [ANTICOUNTERFEIT1], [ANTICOUNTERFEIT2], [EFFECTIVE_TIME], [DEAD_TIME], [PRODUCT_NOTE_ID], [RECALL_NOTE_ID], [WATCHLIST_DESC_ID], [REPLACE_DESC_ID]) VALUES (22, 13, 11, NULL, N'102513BDB162672F46455443', NULL, NULL, NULL, N'01', N'A', N'RF210', NULL, NULL, CAST(0x0000A23401267A71 AS DateTime), NULL, 1, -1, -1, -1)
GO
INSERT [dbo].[BMS_TAG_ETAG] ([ETAG_ID], [TPF_REQ_ID], [VEHICLE_ID], [TID], [EPC_ID], [LOT_NUMBER], [ROLL_NUMBER], [BOX_NUMBER], [IMPORT_STATUS], [ETAG_STATUS], [MESSAGE_TYPE], [ANTICOUNTERFEIT1], [ANTICOUNTERFEIT2], [EFFECTIVE_TIME], [DEAD_TIME], [PRODUCT_NOTE_ID], [RECALL_NOTE_ID], [WATCHLIST_DESC_ID], [REPLACE_DESC_ID]) VALUES (20, 13, 21, NULL, N'102513BDC16295AD46455443', NULL, NULL, NULL, N'01', N'A', N'MF210', NULL, NULL, CAST(0x0000A23401288213 AS DateTime), NULL, 1, -1, -1, -1)
GO
INSERT [dbo].[BMS_TAG_ETAG] ([ETAG_ID], [TPF_REQ_ID], [VEHICLE_ID], [TID], [EPC_ID], [LOT_NUMBER], [ROLL_NUMBER], [BOX_NUMBER], [IMPORT_STATUS], [ETAG_STATUS], [MESSAGE_TYPE], [ANTICOUNTERFEIT1], [ANTICOUNTERFEIT2], [EFFECTIVE_TIME], [DEAD_TIME], [PRODUCT_NOTE_ID], [RECALL_NOTE_ID], [WATCHLIST_DESC_ID], [REPLACE_DESC_ID]) VALUES (82, 13, 4, NULL, N'102513BE1143438946455443', NULL, NULL, NULL, N'01', N'A', N'MF210', NULL, NULL, CAST(0x0000A2340125E467 AS DateTime), NULL, 1, -1, -1, -1)
GO
INSERT [dbo].[BMS_TAG_ETAG] ([ETAG_ID], [TPF_REQ_ID], [VEHICLE_ID], [TID], [EPC_ID], [LOT_NUMBER], [ROLL_NUMBER], [BOX_NUMBER], [IMPORT_STATUS], [ETAG_STATUS], [MESSAGE_TYPE], [ANTICOUNTERFEIT1], [ANTICOUNTERFEIT2], [EFFECTIVE_TIME], [DEAD_TIME], [PRODUCT_NOTE_ID], [RECALL_NOTE_ID], [WATCHLIST_DESC_ID], [REPLACE_DESC_ID]) VALUES (1252, 16, 12, NULL, N'102514AB111426A946455443', NULL, NULL, NULL, N'01', N'A', N'MF210', NULL, NULL, CAST(0x0000A23401269242 AS DateTime), NULL, 1, -1, -1, -1)
GO
INSERT [dbo].[BMS_TAG_ETAG] ([ETAG_ID], [TPF_REQ_ID], [VEHICLE_ID], [TID], [EPC_ID], [LOT_NUMBER], [ROLL_NUMBER], [BOX_NUMBER], [IMPORT_STATUS], [ETAG_STATUS], [MESSAGE_TYPE], [ANTICOUNTERFEIT1], [ANTICOUNTERFEIT2], [EFFECTIVE_TIME], [DEAD_TIME], [PRODUCT_NOTE_ID], [RECALL_NOTE_ID], [WATCHLIST_DESC_ID], [REPLACE_DESC_ID]) VALUES (1171, 16, 8, NULL, N'102514FB1004448A46455443', NULL, NULL, NULL, N'01', N'A', N'MF210', NULL, NULL, CAST(0x0000A23401263F13 AS DateTime), NULL, 1, -1, -1, -1)
GO
SET IDENTITY_INSERT [dbo].[BMS_TAG_ETAG] OFF
GO
INSERT [dbo].[BMS_TAG_TPF_REQUEST] ([REQ_ID], [REQ_NO], [REQ_BATCH], [MODEL_NO_ID], [VCID_ID], [VCID_TYPE], [TAG_SUPPLIER_ID], [QTY], [PURPOSE_ID], [PURPOSE_TYPE], [APPROVAL_FLAG], [APPROVAL_STATUS], [REQUESTER_ID], [REQUEST_DATE], [APPROVER_ID], [APPROVE_DATE]) VALUES (16, N'TPF20130625004', N'4   ', 1, N'4', 55, 1, 50000, N'1', 54, N'1', N'1', 1111, CAST(0x0000A1E800000000 AS DateTime), NULL, NULL)
GO
INSERT [dbo].[BMS_TAG_TPF_REQUEST] ([REQ_ID], [REQ_NO], [REQ_BATCH], [MODEL_NO_ID], [VCID_ID], [VCID_TYPE], [TAG_SUPPLIER_ID], [QTY], [PURPOSE_ID], [PURPOSE_TYPE], [APPROVAL_FLAG], [APPROVAL_STATUS], [REQUESTER_ID], [REQUEST_DATE], [APPROVER_ID], [APPROVE_DATE]) VALUES (19, N'TPF20130625007', N'7   ', 1, N'5', 55, 1, 50000, N'1', 54, N'1', N'1', 1111, CAST(0x0000A1E800000000 AS DateTime), NULL, NULL)
GO
INSERT [dbo].[BMS_TAG_TPF_REQUEST] ([REQ_ID], [REQ_NO], [REQ_BATCH], [MODEL_NO_ID], [VCID_ID], [VCID_TYPE], [TAG_SUPPLIER_ID], [QTY], [PURPOSE_ID], [PURPOSE_TYPE], [APPROVAL_FLAG], [APPROVAL_STATUS], [REQUESTER_ID], [REQUEST_DATE], [APPROVER_ID], [APPROVE_DATE]) VALUES (20, N'TPF20130625008', N'8   ', 2, N'5', 55, 1, 50000, N'1', 54, N'1', N'1', 1111, CAST(0x0000A1E800000000 AS DateTime), NULL, NULL)
GO
INSERT [dbo].[BMS_TAG_TPF_REQUEST] ([REQ_ID], [REQ_NO], [REQ_BATCH], [MODEL_NO_ID], [VCID_ID], [VCID_TYPE], [TAG_SUPPLIER_ID], [QTY], [PURPOSE_ID], [PURPOSE_TYPE], [APPROVAL_FLAG], [APPROVAL_STATUS], [REQUESTER_ID], [REQUEST_DATE], [APPROVER_ID], [APPROVE_DATE]) VALUES (13, N'TPF20130625001', N'1   ', 1, N'3', 55, 1, 200000, N'1', 54, N'1', N'1', 1111, CAST(0x0000A1E800000000 AS DateTime), NULL, NULL)
GO
INSERT [dbo].[BMS_TAG_TPF_REQUEST] ([REQ_ID], [REQ_NO], [REQ_BATCH], [MODEL_NO_ID], [VCID_ID], [VCID_TYPE], [TAG_SUPPLIER_ID], [QTY], [PURPOSE_ID], [PURPOSE_TYPE], [APPROVAL_FLAG], [APPROVAL_STATUS], [REQUESTER_ID], [REQUEST_DATE], [APPROVER_ID], [APPROVE_DATE]) VALUES (13, N'TPF20130625001', N'1   ', 1, N'3', 55, 1, 200000, N'1', 54, N'1', N'1', 1111, CAST(0x0000A1E800000000 AS DateTime), NULL, NULL)
GO
INSERT [dbo].[BMS_TAG_TPF_REQUEST] ([REQ_ID], [REQ_NO], [REQ_BATCH], [MODEL_NO_ID], [VCID_ID], [VCID_TYPE], [TAG_SUPPLIER_ID], [QTY], [PURPOSE_ID], [PURPOSE_TYPE], [APPROVAL_FLAG], [APPROVAL_STATUS], [REQUESTER_ID], [REQUEST_DATE], [APPROVER_ID], [APPROVE_DATE]) VALUES (13, N'TPF20130625001', N'1   ', 1, N'3', 55, 1, 200000, N'1', 54, N'1', N'1', 1111, CAST(0x0000A1E800000000 AS DateTime), NULL, NULL)
GO
INSERT [dbo].[BMS_TAG_TPF_REQUEST] ([REQ_ID], [REQ_NO], [REQ_BATCH], [MODEL_NO_ID], [VCID_ID], [VCID_TYPE], [TAG_SUPPLIER_ID], [QTY], [PURPOSE_ID], [PURPOSE_TYPE], [APPROVAL_FLAG], [APPROVAL_STATUS], [REQUESTER_ID], [REQUEST_DATE], [APPROVER_ID], [APPROVE_DATE]) VALUES (13, N'TPF20130625001', N'1   ', 1, N'3', 55, 1, 200000, N'1', 54, N'1', N'1', 1111, CAST(0x0000A1E800000000 AS DateTime), NULL, NULL)
GO
INSERT [dbo].[BMS_TAG_TPF_REQUEST] ([REQ_ID], [REQ_NO], [REQ_BATCH], [MODEL_NO_ID], [VCID_ID], [VCID_TYPE], [TAG_SUPPLIER_ID], [QTY], [PURPOSE_ID], [PURPOSE_TYPE], [APPROVAL_FLAG], [APPROVAL_STATUS], [REQUESTER_ID], [REQUEST_DATE], [APPROVER_ID], [APPROVE_DATE]) VALUES (13, N'TPF20130625001', N'1   ', 1, N'3', 55, 1, 200000, N'1', 54, N'1', N'1', 1111, CAST(0x0000A1E800000000 AS DateTime), NULL, NULL)
GO
INSERT [dbo].[BMS_TAG_TPF_REQUEST] ([REQ_ID], [REQ_NO], [REQ_BATCH], [MODEL_NO_ID], [VCID_ID], [VCID_TYPE], [TAG_SUPPLIER_ID], [QTY], [PURPOSE_ID], [PURPOSE_TYPE], [APPROVAL_FLAG], [APPROVAL_STATUS], [REQUESTER_ID], [REQUEST_DATE], [APPROVER_ID], [APPROVE_DATE]) VALUES (32, N'TPF20130815001', N'2   ', 2, N'1', 55, 1, 50000, N'1', 54, N'1', N'1', 1111, CAST(0x0000A21B00000000 AS DateTime), NULL, NULL)
GO
INSERT [dbo].[BMS_TAG_TPF_REQUEST] ([REQ_ID], [REQ_NO], [REQ_BATCH], [MODEL_NO_ID], [VCID_ID], [VCID_TYPE], [TAG_SUPPLIER_ID], [QTY], [PURPOSE_ID], [PURPOSE_TYPE], [APPROVAL_FLAG], [APPROVAL_STATUS], [REQUESTER_ID], [REQUEST_DATE], [APPROVER_ID], [APPROVE_DATE]) VALUES (14, N'TPF20130625002', N'2   ', 2, N'3', 55, 1, 200000, N'1', 54, N'1', N'1', 1111, CAST(0x0000A1E800000000 AS DateTime), NULL, NULL)
GO
INSERT [dbo].[BMS_TAG_TPF_REQUEST] ([REQ_ID], [REQ_NO], [REQ_BATCH], [MODEL_NO_ID], [VCID_ID], [VCID_TYPE], [TAG_SUPPLIER_ID], [QTY], [PURPOSE_ID], [PURPOSE_TYPE], [APPROVAL_FLAG], [APPROVAL_STATUS], [REQUESTER_ID], [REQUEST_DATE], [APPROVER_ID], [APPROVE_DATE]) VALUES (14, N'TPF20130625002', N'2   ', 2, N'3', 55, 1, 200000, N'1', 54, N'1', N'1', 1111, CAST(0x0000A1E800000000 AS DateTime), NULL, NULL)
GO
INSERT [dbo].[BMS_TAG_TPF_REQUEST] ([REQ_ID], [REQ_NO], [REQ_BATCH], [MODEL_NO_ID], [VCID_ID], [VCID_TYPE], [TAG_SUPPLIER_ID], [QTY], [PURPOSE_ID], [PURPOSE_TYPE], [APPROVAL_FLAG], [APPROVAL_STATUS], [REQUESTER_ID], [REQUEST_DATE], [APPROVER_ID], [APPROVE_DATE]) VALUES (14, N'TPF20130625002', N'2   ', 2, N'3', 55, 1, 200000, N'1', 54, N'1', N'1', 1111, CAST(0x0000A1E800000000 AS DateTime), NULL, NULL)
GO
INSERT [dbo].[BMS_TAG_TPF_REQUEST] ([REQ_ID], [REQ_NO], [REQ_BATCH], [MODEL_NO_ID], [VCID_ID], [VCID_TYPE], [TAG_SUPPLIER_ID], [QTY], [PURPOSE_ID], [PURPOSE_TYPE], [APPROVAL_FLAG], [APPROVAL_STATUS], [REQUESTER_ID], [REQUEST_DATE], [APPROVER_ID], [APPROVE_DATE]) VALUES (14, N'TPF20130625002', N'2   ', 2, N'3', 55, 1, 200000, N'1', 54, N'1', N'1', 1111, CAST(0x0000A1E800000000 AS DateTime), NULL, NULL)
GO
INSERT [dbo].[BMS_TAG_TPF_REQUEST] ([REQ_ID], [REQ_NO], [REQ_BATCH], [MODEL_NO_ID], [VCID_ID], [VCID_TYPE], [TAG_SUPPLIER_ID], [QTY], [PURPOSE_ID], [PURPOSE_TYPE], [APPROVAL_FLAG], [APPROVAL_STATUS], [REQUESTER_ID], [REQUEST_DATE], [APPROVER_ID], [APPROVE_DATE]) VALUES (17, N'TPF20130625005', N'5   ', 2, N'4', 55, 1, 50000, N'1', 54, N'1', N'1', 1111, CAST(0x0000A1E800000000 AS DateTime), NULL, NULL)
GO
INSERT [dbo].[BMS_TAG_TPF_REQUEST] ([REQ_ID], [REQ_NO], [REQ_BATCH], [MODEL_NO_ID], [VCID_ID], [VCID_TYPE], [TAG_SUPPLIER_ID], [QTY], [PURPOSE_ID], [PURPOSE_TYPE], [APPROVAL_FLAG], [APPROVAL_STATUS], [REQUESTER_ID], [REQUEST_DATE], [APPROVER_ID], [APPROVE_DATE]) VALUES (17, N'TPF20130625005', N'5   ', 2, N'4', 55, 1, 50000, N'1', 54, N'1', N'1', 1111, CAST(0x0000A1E800000000 AS DateTime), NULL, NULL)
GO
INSERT [dbo].[BMS_TAG_TPF_REQUEST] ([REQ_ID], [REQ_NO], [REQ_BATCH], [MODEL_NO_ID], [VCID_ID], [VCID_TYPE], [TAG_SUPPLIER_ID], [QTY], [PURPOSE_ID], [PURPOSE_TYPE], [APPROVAL_FLAG], [APPROVAL_STATUS], [REQUESTER_ID], [REQUEST_DATE], [APPROVER_ID], [APPROVE_DATE]) VALUES (13, N'TPF20130625001', N'1   ', 1, N'3', 55, 1, 200000, N'1', 54, N'1', N'1', 1111, CAST(0x0000A1E800000000 AS DateTime), NULL, NULL)
GO
INSERT [dbo].[BMS_TAG_TPF_REQUEST] ([REQ_ID], [REQ_NO], [REQ_BATCH], [MODEL_NO_ID], [VCID_ID], [VCID_TYPE], [TAG_SUPPLIER_ID], [QTY], [PURPOSE_ID], [PURPOSE_TYPE], [APPROVAL_FLAG], [APPROVAL_STATUS], [REQUESTER_ID], [REQUEST_DATE], [APPROVER_ID], [APPROVE_DATE]) VALUES (13, N'TPF20130625001', N'1   ', 1, N'3', 55, 1, 200000, N'1', 54, N'1', N'1', 1111, CAST(0x0000A1E800000000 AS DateTime), NULL, NULL)
GO
INSERT [dbo].[BMS_TAG_TPF_REQUEST] ([REQ_ID], [REQ_NO], [REQ_BATCH], [MODEL_NO_ID], [VCID_ID], [VCID_TYPE], [TAG_SUPPLIER_ID], [QTY], [PURPOSE_ID], [PURPOSE_TYPE], [APPROVAL_FLAG], [APPROVAL_STATUS], [REQUESTER_ID], [REQUEST_DATE], [APPROVER_ID], [APPROVE_DATE]) VALUES (13, N'TPF20130625001', N'1   ', 1, N'3', 55, 1, 200000, N'1', 54, N'1', N'1', 1111, CAST(0x0000A1E800000000 AS DateTime), NULL, NULL)
GO
INSERT [dbo].[BMS_TAG_TPF_REQUEST] ([REQ_ID], [REQ_NO], [REQ_BATCH], [MODEL_NO_ID], [VCID_ID], [VCID_TYPE], [TAG_SUPPLIER_ID], [QTY], [PURPOSE_ID], [PURPOSE_TYPE], [APPROVAL_FLAG], [APPROVAL_STATUS], [REQUESTER_ID], [REQUEST_DATE], [APPROVER_ID], [APPROVE_DATE]) VALUES (13, N'TPF20130625001', N'1   ', 1, N'3', 55, 1, 200000, N'1', 54, N'1', N'1', 1111, CAST(0x0000A1E800000000 AS DateTime), NULL, NULL)
GO
INSERT [dbo].[BMS_TAG_TPF_REQUEST] ([REQ_ID], [REQ_NO], [REQ_BATCH], [MODEL_NO_ID], [VCID_ID], [VCID_TYPE], [TAG_SUPPLIER_ID], [QTY], [PURPOSE_ID], [PURPOSE_TYPE], [APPROVAL_FLAG], [APPROVAL_STATUS], [REQUESTER_ID], [REQUEST_DATE], [APPROVER_ID], [APPROVE_DATE]) VALUES (16, N'TPF20130625004', N'4   ', 1, N'4', 55, 1, 50000, N'1', 54, N'1', N'1', 1111, CAST(0x0000A1E800000000 AS DateTime), NULL, NULL)
GO
INSERT [dbo].[BMS_TAG_TPF_REQUEST] ([REQ_ID], [REQ_NO], [REQ_BATCH], [MODEL_NO_ID], [VCID_ID], [VCID_TYPE], [TAG_SUPPLIER_ID], [QTY], [PURPOSE_ID], [PURPOSE_TYPE], [APPROVAL_FLAG], [APPROVAL_STATUS], [REQUESTER_ID], [REQUEST_DATE], [APPROVER_ID], [APPROVE_DATE]) VALUES (16, N'TPF20130625004', N'4   ', 1, N'4', 55, 1, 50000, N'1', 54, N'1', N'1', 1111, CAST(0x0000A1E800000000 AS DateTime), NULL, NULL)
GO
